Model,MAE,RMSE
Naive,1.5461206140218944,2.0889189745694408
Holt-Winters,3.1077717869931454,3.868822829132662
