Model,MAE,RMSE
Naive,1.5461206140218944,2.0889189745694408
Holt-Winters,4.882617916602572,5.851757382797679
